[
  {
      "instrumento_id": 1,
      "nombre": "Kalimba De 17 Teclas, Instrumento Musical Raktors Unico",
      "categoria": {
          "categoria_id": 3,
          "nombre": "Teclados",
          "descripcion": "Explora un mundo de posibilidades musicales con nuestros teclados. Desde pianos clásicos hasta sintetizadores modernos, desbloquea tu creatividad y encuentra tu voz única.",
          "imagen": "https://res.cloudinary.com/djgwbcthz/image/upload/Teclados.jpg"
      },
      "descripcion": "Marca: Raktors, Es acústico: Sí, Condición del ítem: Nuevo, Cantidad de teclas: 17, Modelo: Kalimba",
      "precioDia": 0.0,
      "imagen": [
          {
              "imagen_id": 23,
              "titulo": "Imagen 1",
              "url": "https://res.cloudinary.com/djgwbcthz/image/upload/imagen_1_1.jpg"
          },
          {
              "imagen_id": 24,
              "titulo": "Imagen 2",
              "url": "https://res.cloudinary.com/djgwbcthz/image/upload/imagen_1_2.jpg"
          },
          {
              "imagen_id": 25,
              "titulo": "Imagen 3",
              "url": "https://res.cloudinary.com/djgwbcthz/image/upload/imagen_1_3.jpg"
          },
          {
              "imagen_id": 26,
              "titulo": "Imagen 4",
              "url": "https://res.cloudinary.com/djgwbcthz/image/upload/imagen_1_4.jpg"
          },
          {
              "imagen_id": 27,
              "titulo": "Imagen 5",
              "url": "https://res.cloudinary.com/djgwbcthz/image/upload/imagen_1_5.jpg"
          }
      ]
  },
  {
      "instrumento_id": 2,
      "nombre": "Guitarra Electroacústica Cuerdas De Nylon,forro,método,pua",
      "categoria": {
          "categoria_id": 1,
          "nombre": "Cuerdas",
          "descripcion": "Descubre la magia de las cuerdas y crea melodías cautivadoras con nuestra selección de instrumentos de cuerda, perfectos para expresar emociones y añadir profundidad a tu música.",
          "imagen": "https://res.cloudinary.com/djgwbcthz/image/upload/Cuerdas.jpg"
      },
      "descripcion": "Marca: Guane, Condición del ítem: Nuevo, Modelo: Guane electroacústica",
      "precioDia": 0.0,
      "imagen": [
          {
              "imagen_id": 28,
              "titulo": "Imagen 1",
              "url": "https://res.cloudinary.com/djgwbcthz/image/upload/imagen_2_1.jpg"
          },
          {
              "imagen_id": 29,
              "titulo": "Imagen 2",
              "url": "https://res.cloudinary.com/djgwbcthz/image/upload/imagen_2_2.jpg"
          },
          {
              "imagen_id": 30,
              "titulo": "Imagen 3",
              "url": "https://res.cloudinary.com/djgwbcthz/image/upload/imagen_2_3.jpg"
          },
          {
              "imagen_id": 31,
              "titulo": "Imagen 4",
              "url": "https://res.cloudinary.com/djgwbcthz/image/upload/imagen_2_4.jpg"
          },
          {
              "imagen_id": 32,
              "titulo": "Imagen 5",
              "url": "https://res.cloudinary.com/djgwbcthz/image/upload/imagen_2_5.jpg"
          }
      ]
  },
  {
      "instrumento_id": 3,
      "nombre": "Flauta Dulce Yamaha Escolar Yrs23 Soprano Escuela Colegios Color Blanco Marfill",
      "categoria": {
          "categoria_id": 2,
          "nombre": "Vientos",
          "descripcion": "Deja que el viento lleve tu música a nuevas alturas con nuestra gama de instrumentos de viento. Desde flautas delicadas hasta potentes trompetas, encuentra el sonido que te inspira.",
          "imagen": "https://res.cloudinary.com/djgwbcthz/image/upload/Vientos.jpg"
      },
      "descripcion": "Marca: Yamaha, Color: Blanco, Motivo de GTIN vacío: El producto no tiene código registrado, Tipo de digitación: Alemana, Tipo de flauta: Dulce",
      "precioDia": 0.0,
      "imagen": [
          {
              "imagen_id": 33,
              "titulo": "Imagen 1",
              "url": "https://res.cloudinary.com/djgwbcthz/image/upload/imagen_3_1.jpg"
          },
          {
              "imagen_id": 34,
              "titulo": "Imagen 2",
              "url": "https://res.cloudinary.com/djgwbcthz/image/upload/imagen_3_2.jpg"
          },
          {
              "imagen_id": 35,
              "titulo": "Imagen 3",
              "url": "https://res.cloudinary.com/djgwbcthz/image/upload/imagen_3_3.jpg"
          },
          {
              "imagen_id": 36,
              "titulo": "Imagen 4",
              "url": "https://res.cloudinary.com/djgwbcthz/image/upload/imagen_3_4.jpg"
          }
      ]
  },
  {
      "instrumento_id": 4,
      "nombre": "Kalimba Africana De 17 Teclas Instrumento Musical ",
      "categoria": {
          "categoria_id": 3,
          "nombre": "Teclados",
          "descripcion": "Explora un mundo de posibilidades musicales con nuestros teclados. Desde pianos clásicos hasta sintetizadores modernos, desbloquea tu creatividad y encuentra tu voz única.",
          "imagen": "https://res.cloudinary.com/djgwbcthz/image/upload/Teclados.jpg"
      },
      "descripcion": "Marca: A-M, Altura: 0.02 m, Incluye estuche: Sí, Es acústico: Sí, Condición del ítem: Nuevo",
      "precioDia": 0.0,
      "imagen": [
          {
              "imagen_id": 37,
              "titulo": "Imagen 1",
              "url": "https://res.cloudinary.com/djgwbcthz/image/upload/imagen_4_1.jpg"
          },
          {
              "imagen_id": 38,
              "titulo": "Imagen 2",
              "url": "https://res.cloudinary.com/djgwbcthz/image/upload/imagen_4_2.jpg"
          },
          {
              "imagen_id": 39,
              "titulo": "Imagen 3",
              "url": "https://res.cloudinary.com/djgwbcthz/image/upload/imagen_4_3.jpg"
          },
          {
              "imagen_id": 40,
              "titulo": "Imagen 4",
              "url": "https://res.cloudinary.com/djgwbcthz/image/upload/imagen_4_4.jpg"
          },
          {
              "imagen_id": 41,
              "titulo": "Imagen 5",
              "url": "https://res.cloudinary.com/djgwbcthz/image/upload/imagen_4_5.jpg"
          }
      ]
  },
  {
      "instrumento_id": 5,
      "nombre": "Ukelele Femmto Soprano En Tilo Con Funda Y Cuerdas Extras Color Blanco",
      "categoria": {
          "categoria_id": 1,
          "nombre": "Cuerdas",
          "descripcion": "Descubre la magia de las cuerdas y crea melodías cautivadoras con nuestra selección de instrumentos de cuerda, perfectos para expresar emociones y añadir profundidad a tu música.",
          "imagen": "https://res.cloudinary.com/djgwbcthz/image/upload/Cuerdas.jpg"
      },
      "descripcion": "Material: Tilo, Accesorios incluidos: Púas,Correa, Marca: Femmto, Color: Blanco, Acabado: Brillante",
      "precioDia": 0.0,
      "imagen": [
          {
              "imagen_id": 42,
              "titulo": "Imagen 1",
              "url": "https://res.cloudinary.com/djgwbcthz/image/upload/imagen_5_1.jpg"
          },
          {
              "imagen_id": 43,
              "titulo": "Imagen 2",
              "url": "https://res.cloudinary.com/djgwbcthz/image/upload/imagen_5_2.jpg"
          },
          {
              "imagen_id": 44,
              "titulo": "Imagen 3",
              "url": "https://res.cloudinary.com/djgwbcthz/image/upload/imagen_5_3.jpg"
          },
          {
              "imagen_id": 45,
              "titulo": "Imagen 4",
              "url": "https://res.cloudinary.com/djgwbcthz/image/upload/imagen_5_4.jpg"
          },
          {
              "imagen_id": 46,
              "titulo": "Imagen 5",
              "url": "https://res.cloudinary.com/djgwbcthz/image/upload/imagen_5_5.jpg"
          }
      ]
  },
  {
      "instrumento_id": 6,
      "nombre": "Kalimba De 17 Teclas Instrumento Musical Acústico Profesiona",
      "categoria": {
          "categoria_id": 3,
          "nombre": "Teclados",
          "descripcion": "Explora un mundo de posibilidades musicales con nuestros teclados. Desde pianos clásicos hasta sintetizadores modernos, desbloquea tu creatividad y encuentra tu voz única.",
          "imagen": "https://res.cloudinary.com/djgwbcthz/image/upload/Teclados.jpg"
      },
      "descripcion": "Marca: Tienda PlusMart, Incluye estuche: None, Es acústico: Sí, Condición del ítem: Nuevo, Cantidad de teclas: 17",
      "precioDia": 0.0,
      "imagen": [
          {
              "imagen_id": 47,
              "titulo": "Imagen 1",
              "url": "https://res.cloudinary.com/djgwbcthz/image/upload/imagen_6_1.jpg"
          },
          {
              "imagen_id": 48,
              "titulo": "Imagen 2",
              "url": "https://res.cloudinary.com/djgwbcthz/image/upload/imagen_6_2.jpg"
          },
          {
              "imagen_id": 49,
              "titulo": "Imagen 3",
              "url": "https://res.cloudinary.com/djgwbcthz/image/upload/imagen_6_3.jpg"
          },
          {
              "imagen_id": 50,
              "titulo": "Imagen 4",
              "url": "https://res.cloudinary.com/djgwbcthz/image/upload/imagen_6_4.jpg"
          },
          {
              "imagen_id": 51,
              "titulo": "Imagen 5",
              "url": "https://res.cloudinary.com/djgwbcthz/image/upload/imagen_6_5.jpg"
          }
      ]
  },
  {
      "instrumento_id": 7,
      "nombre": " Kazoo Metalico Instrumento Musical ",
      "categoria": {
          "categoria_id": 3,
          "nombre": "Teclados",
          "descripcion": "Explora un mundo de posibilidades musicales con nuestros teclados. Desde pianos clásicos hasta sintetizadores modernos, desbloquea tu creatividad y encuentra tu voz única.",
          "imagen": "https://res.cloudinary.com/djgwbcthz/image/upload/Teclados.jpg"
      },
      "descripcion": "Marca: A-M, Condición del ítem: Nuevo, Material: Aluminio, Modelo: A-MM, Características del producto: Sin vencimiento",
      "precioDia": 0.0,
      "imagen": [
          {
              "imagen_id": 52,
              "titulo": "Imagen 1",
              "url": "https://res.cloudinary.com/djgwbcthz/image/upload/imagen_7_1.jpg"
          },
          {
              "imagen_id": 53,
              "titulo": "Imagen 2",
              "url": "https://res.cloudinary.com/djgwbcthz/image/upload/imagen_7_2.jpg"
          },
          {
              "imagen_id": 54,
              "titulo": "Imagen 3",
              "url": "https://res.cloudinary.com/djgwbcthz/image/upload/imagen_7_3.jpg"
          },
          {
              "imagen_id": 55,
              "titulo": "Imagen 4",
              "url": "https://res.cloudinary.com/djgwbcthz/image/upload/imagen_7_4.jpg"
          },
          {
              "imagen_id": 56,
              "titulo": "Imagen 5",
              "url": "https://res.cloudinary.com/djgwbcthz/image/upload/imagen_7_5.jpg"
          }
      ]
  },
  {
      "instrumento_id": 8,
      "nombre": "Banjo 5 Cuerdas Persian + Estuche Y Encordado Adicional",
      "categoria": {
          "categoria_id": 1,
          "nombre": "Cuerdas",
          "descripcion": "Descubre la magia de las cuerdas y crea melodías cautivadoras con nuestra selección de instrumentos de cuerda, perfectos para expresar emociones y añadir profundidad a tu música.",
          "imagen": "https://res.cloudinary.com/djgwbcthz/image/upload/Cuerdas.jpg"
      },
      "descripcion": "Marca: Persian, Código universal de producto: None, Condición del ítem: Nuevo, Modelo: None",
      "precioDia": 0.0,
      "imagen": [
          {
              "imagen_id": 57,
              "titulo": "Imagen 1",
              "url": "https://res.cloudinary.com/djgwbcthz/image/upload/imagen_8_1.jpg"
          },
          {
              "imagen_id": 58,
              "titulo": "Imagen 2",
              "url": "https://res.cloudinary.com/djgwbcthz/image/upload/imagen_8_2.jpg"
          },
          {
              "imagen_id": 59,
              "titulo": "Imagen 3",
              "url": "https://res.cloudinary.com/djgwbcthz/image/upload/imagen_8_3.jpg"
          },
          {
              "imagen_id": 60,
              "titulo": "Imagen 4",
              "url": "https://res.cloudinary.com/djgwbcthz/image/upload/imagen_8_4.jpg"
          },
          {
              "imagen_id": 61,
              "titulo": "Imagen 5",
              "url": "https://res.cloudinary.com/djgwbcthz/image/upload/imagen_8_5.jpg"
          }
      ]
  },
  {
      "instrumento_id": 9,
      "nombre": "Kalimba De 8 Notas Instrumento Musical Mini Kalimba ",
      "categoria": {
          "categoria_id": 3,
          "nombre": "Teclados",
          "descripcion": "Explora un mundo de posibilidades musicales con nuestros teclados. Desde pianos clásicos hasta sintetizadores modernos, desbloquea tu creatividad y encuentra tu voz única.",
          "imagen": "https://res.cloudinary.com/djgwbcthz/image/upload/Teclados.jpg"
      },
      "descripcion": "Marca: A-M, Incluye estuche: None, Es acústico: Sí, Condición del ítem: Nuevo, Cantidad de teclas: 8",
      "precioDia": 0.0,
      "imagen": [
          {
              "imagen_id": 62,
              "titulo": "Imagen 1",
              "url": "https://res.cloudinary.com/djgwbcthz/image/upload/imagen_9_1.jpg"
          },
          {
              "imagen_id": 63,
              "titulo": "Imagen 2",
              "url": "https://res.cloudinary.com/djgwbcthz/image/upload/imagen_9_2.jpg"
          },
          {
              "imagen_id": 64,
              "titulo": "Imagen 3",
              "url": "https://res.cloudinary.com/djgwbcthz/image/upload/imagen_9_3.jpg"
          },
          {
              "imagen_id": 65,
              "titulo": "Imagen 4",
              "url": "https://res.cloudinary.com/djgwbcthz/image/upload/imagen_9_4.jpg"
          },
          {
              "imagen_id": 66,
              "titulo": "Imagen 5",
              "url": "https://res.cloudinary.com/djgwbcthz/image/upload/imagen_9_5.jpg"
          }
      ]
  },
  {
      "instrumento_id": 10,
      "nombre": "Ukelele Femmto Soprano En Tilo Con Funda Y Cuerdas Extras Color Rojo",
      "categoria": {
          "categoria_id": 1,
          "nombre": "Cuerdas",
          "descripcion": "Descubre la magia de las cuerdas y crea melodías cautivadoras con nuestra selección de instrumentos de cuerda, perfectos para expresar emociones y añadir profundidad a tu música.",
          "imagen": "https://res.cloudinary.com/djgwbcthz/image/upload/Cuerdas.jpg"
      },
      "descripcion": "Material: Tilo, Accesorios incluidos: Púas,Correa, Marca: Femmto, Color: Rojo, Acabado: Brillante",
      "precioDia": 0.0,
      "imagen": [
          {
              "imagen_id": 67,
              "titulo": "Imagen 1",
              "url": "https://res.cloudinary.com/djgwbcthz/image/upload/imagen_10_1.jpg"
          },
          {
              "imagen_id": 68,
              "titulo": "Imagen 2",
              "url": "https://res.cloudinary.com/djgwbcthz/image/upload/imagen_10_2.jpg"
          },
          {
              "imagen_id": 69,
              "titulo": "Imagen 3",
              "url": "https://res.cloudinary.com/djgwbcthz/image/upload/imagen_10_3.jpg"
          },
          {
              "imagen_id": 70,
              "titulo": "Imagen 4",
              "url": "https://res.cloudinary.com/djgwbcthz/image/upload/imagen_10_4.jpg"
          },
          {
              "imagen_id": 71,
              "titulo": "Imagen 5",
              "url": "https://res.cloudinary.com/djgwbcthz/image/upload/imagen_10_5.jpg"
          }
      ]
  },
  {
      "instrumento_id": 11,
      "nombre": "Atril Para Partituras Totalmente Plegable Liviano",
      "categoria": {
          "categoria_id": 1,
          "nombre": "Cuerdas",
          "descripcion": "Descubre la magia de las cuerdas y crea melodías cautivadoras con nuestra selección de instrumentos de cuerda, perfectos para expresar emociones y añadir profundidad a tu música.",
          "imagen": "https://res.cloudinary.com/djgwbcthz/image/upload/Cuerdas.jpg"
      },
      "descripcion": "Color: Negro, Marca: Viper, Condición del ítem: Nuevo, Modelo: MS01",
      "precioDia": 0.0,
      "imagen": [
          {
              "imagen_id": 72,
              "titulo": "Imagen 1",
              "url": "https://res.cloudinary.com/djgwbcthz/image/upload/imagen_11_1.jpg"
          },
          {
              "imagen_id": 73,
              "titulo": "Imagen 2",
              "url": "https://res.cloudinary.com/djgwbcthz/image/upload/imagen_11_2.jpg"
          },
          {
              "imagen_id": 74,
              "titulo": "Imagen 3",
              "url": "https://res.cloudinary.com/djgwbcthz/image/upload/imagen_11_3.jpg"
          },
          {
              "imagen_id": 75,
              "titulo": "Imagen 4",
              "url": "https://res.cloudinary.com/djgwbcthz/image/upload/imagen_11_4.jpg"
          },
          {
              "imagen_id": 76,
              "titulo": "Imagen 5",
              "url": "https://res.cloudinary.com/djgwbcthz/image/upload/imagen_11_5.jpg"
          }
      ]
  },
  {
      "instrumento_id": 12,
      "nombre": "Campana De Mano En Bronce. Instrumento Musical, Equilibrio",
      "categoria": {
          "categoria_id": 4,
          "nombre": "Percusión",
          "descripcion": "Haz latir el corazón de tu música con nuestros instrumentos de percusión. Desde ritmos enérgicos hasta texturas atmosféricas, añade profundidad y ritmo a tus composiciones.",
          "imagen": "https://res.cloudinary.com/djgwbcthz/image/upload/Percusion.jpg"
      },
      "descripcion": "Marca: Rivero Diseño., Profundidad: None, Código universal de producto: None, Altura: 4.5 cm, Incluye baqueta: No",
      "precioDia": 0.0,
      "imagen": [
          {
              "imagen_id": 77,
              "titulo": "Imagen 1",
              "url": "https://res.cloudinary.com/djgwbcthz/image/upload/imagen_12_1.jpg"
          },
          {
              "imagen_id": 78,
              "titulo": "Imagen 2",
              "url": "https://res.cloudinary.com/djgwbcthz/image/upload/imagen_12_2.jpg"
          },
          {
              "imagen_id": 79,
              "titulo": "Imagen 3",
              "url": "https://res.cloudinary.com/djgwbcthz/image/upload/imagen_12_3.jpg"
          },
          {
              "imagen_id": 80,
              "titulo": "Imagen 4",
              "url": "https://res.cloudinary.com/djgwbcthz/image/upload/imagen_12_4.jpg"
          },
          {
              "imagen_id": 81,
              "titulo": "Imagen 5",
              "url": "https://res.cloudinary.com/djgwbcthz/image/upload/imagen_12_5.jpg"
          }
      ]
  },
  {
      "instrumento_id": 13,
      "nombre": "Guitarra Elctroacustica + Forro + Personalizada Con Nombre",
      "categoria": {
          "categoria_id": 1,
          "nombre": "Cuerdas",
          "descripcion": "Descubre la magia de las cuerdas y crea melodías cautivadoras con nuestra selección de instrumentos de cuerda, perfectos para expresar emociones y añadir profundidad a tu música.",
          "imagen": "https://res.cloudinary.com/djgwbcthz/image/upload/Cuerdas.jpg"
      },
      "descripcion": "Acabado del cuerpo: Brillante, Forma del cuerpo: Redonda o Boquete, Material de la tapa: Cedro Macizo, Marca: Musicales Bucaramanga, Código universal de producto: 978020137962",
      "precioDia": 0.0,
      "imagen": [
          {
              "imagen_id": 82,
              "titulo": "Imagen 1",
              "url": "https://res.cloudinary.com/djgwbcthz/image/upload/imagen_13_1.jpg"
          },
          {
              "imagen_id": 83,
              "titulo": "Imagen 2",
              "url": "https://res.cloudinary.com/djgwbcthz/image/upload/imagen_13_2.jpg"
          },
          {
              "imagen_id": 84,
              "titulo": "Imagen 3",
              "url": "https://res.cloudinary.com/djgwbcthz/image/upload/imagen_13_3.jpg"
          },
          {
              "imagen_id": 85,
              "titulo": "Imagen 4",
              "url": "https://res.cloudinary.com/djgwbcthz/image/upload/imagen_13_4.jpg"
          }
      ]
  },
  {
      "instrumento_id": 14,
      "nombre": "Acordeón Vallenato Para Niños Musical Sonido Real En Colores",
      "categoria": {
          "categoria_id": 2,
          "nombre": "Vientos",
          "descripcion": "Deja que el viento lleve tu música a nuevas alturas con nuestra gama de instrumentos de viento. Desde flautas delicadas hasta potentes trompetas, encuentra el sonido que te inspira.",
          "imagen": "https://res.cloudinary.com/djgwbcthz/image/upload/Vientos.jpg"
      },
      "descripcion": "Tipo de acordeón: Cromático de botones, Edad: Niños, Cantidad de bajos: None, Acabado del cuerpo: Brillante, Marca: Genérica",
      "precioDia": 0.0,
      "imagen": [
          {
              "imagen_id": 86,
              "titulo": "Imagen 1",
              "url": "https://res.cloudinary.com/djgwbcthz/image/upload/imagen_14_1.jpg"
          },
          {
              "imagen_id": 87,
              "titulo": "Imagen 2",
              "url": "https://res.cloudinary.com/djgwbcthz/image/upload/imagen_14_2.jpg"
          },
          {
              "imagen_id": 88,
              "titulo": "Imagen 3",
              "url": "https://res.cloudinary.com/djgwbcthz/image/upload/imagen_14_3.jpg"
          },
          {
              "imagen_id": 89,
              "titulo": "Imagen 4",
              "url": "https://res.cloudinary.com/djgwbcthz/image/upload/imagen_14_4.jpg"
          },
          {
              "imagen_id": 90,
              "titulo": "Imagen 5",
              "url": "https://res.cloudinary.com/djgwbcthz/image/upload/imagen_14_5.jpg"
          }
      ]
  },
  {
      "instrumento_id": 15,
      "nombre": "Mini Kalimba 8 Teclas Instrumento Musical Acústico Regalo",
      "categoria": {
          "categoria_id": 3,
          "nombre": "Teclados",
          "descripcion": "Explora un mundo de posibilidades musicales con nuestros teclados. Desde pianos clásicos hasta sintetizadores modernos, desbloquea tu creatividad y encuentra tu voz única.",
          "imagen": "https://res.cloudinary.com/djgwbcthz/image/upload/Teclados.jpg"
      },
      "descripcion": "Marca: Tienda PlusMart, Es acústico: Sí, Condición del ítem: Nuevo, Cantidad de teclas: 8, Modelo: Mini Kalimba Music",
      "precioDia": 0.0,
      "imagen": [
          {
              "imagen_id": 91,
              "titulo": "Imagen 1",
              "url": "https://res.cloudinary.com/djgwbcthz/image/upload/imagen_15_1.jpg"
          },
          {
              "imagen_id": 92,
              "titulo": "Imagen 2",
              "url": "https://res.cloudinary.com/djgwbcthz/image/upload/imagen_15_2.jpg"
          },
          {
              "imagen_id": 93,
              "titulo": "Imagen 3",
              "url": "https://res.cloudinary.com/djgwbcthz/image/upload/imagen_15_3.jpg"
          },
          {
              "imagen_id": 94,
              "titulo": "Imagen 4",
              "url": "https://res.cloudinary.com/djgwbcthz/image/upload/imagen_15_4.jpg"
          },
          {
              "imagen_id": 95,
              "titulo": "Imagen 5",
              "url": "https://res.cloudinary.com/djgwbcthz/image/upload/imagen_15_5.jpg"
          }
      ]
  },
  {
      "instrumento_id": 16,
      "nombre": "Adaptador De Corriente Yamaha Pa-3c",
      "categoria": {
          "categoria_id": 3,
          "nombre": "Teclados",
          "descripcion": "Explora un mundo de posibilidades musicales con nuestros teclados. Desde pianos clásicos hasta sintetizadores modernos, desbloquea tu creatividad y encuentra tu voz única.",
          "imagen": "https://res.cloudinary.com/djgwbcthz/image/upload/Teclados.jpg"
      },
      "descripcion": "Marca: Yamaha, Código universal de producto: 086792277592, Condición del ítem: Nuevo, Modelo: PA3C, Voltaje de salida del cargador para teclado musical: None",
      "precioDia": 0.0,
      "imagen": [
          {
              "imagen_id": 96,
              "titulo": "Imagen 1",
              "url": "https://res.cloudinary.com/djgwbcthz/image/upload/imagen_16_1.jpg"
          }
      ]
  },
  {
      "instrumento_id": 17,
      "nombre": "Apoya Pie Para Guitarra 08-gt ",
      "categoria": {
          "categoria_id": 1,
          "nombre": "Cuerdas",
          "descripcion": "Descubre la magia de las cuerdas y crea melodías cautivadoras con nuestra selección de instrumentos de cuerda, perfectos para expresar emociones y añadir profundidad a tu música.",
          "imagen": "https://res.cloudinary.com/djgwbcthz/image/upload/Cuerdas.jpg"
      },
      "descripcion": "Marca: None, Código universal de producto: None, Condición del ítem: Nuevo, Modelo: 08-GT, Altura del paquete: 2.6 cm",
      "precioDia": 0.0,
      "imagen": [
          {
              "imagen_id": 97,
              "titulo": "Imagen 1",
              "url": "https://res.cloudinary.com/djgwbcthz/image/upload/imagen_17_1.jpg"
          },
          {
              "imagen_id": 98,
              "titulo": "Imagen 2",
              "url": "https://res.cloudinary.com/djgwbcthz/image/upload/imagen_17_2.jpg"
          },
          {
              "imagen_id": 99,
              "titulo": "Imagen 3",
              "url": "https://res.cloudinary.com/djgwbcthz/image/upload/imagen_17_3.jpg"
          },
          {
              "imagen_id": 100,
              "titulo": "Imagen 4",
              "url": "https://res.cloudinary.com/djgwbcthz/image/upload/imagen_17_4.jpg"
          },
          {
              "imagen_id": 101,
              "titulo": "Imagen 5",
              "url": "https://res.cloudinary.com/djgwbcthz/image/upload/imagen_17_5.jpg"
          }
      ]
  },
  {
      "instrumento_id": 18,
      "nombre": "Patas De Goma Para Tambor Caucho Para Base De Bateria ",
      "categoria": {
          "categoria_id": 4,
          "nombre": "Percusión",
          "descripcion": "Haz latir el corazón de tu música con nuestros instrumentos de percusión. Desde ritmos enérgicos hasta texturas atmosféricas, añade profundidad y ritmo a tus composiciones.",
          "imagen": "https://res.cloudinary.com/djgwbcthz/image/upload/Percusion.jpg"
      },
      "descripcion": "Marca: A-M, Código universal de producto: None, Condición del ítem: Nuevo, Modelo: GPJ-01",
      "precioDia": 0.0,
      "imagen": [
          {
              "imagen_id": 102,
              "titulo": "Imagen 1",
              "url": "https://res.cloudinary.com/djgwbcthz/image/upload/imagen_18_1.jpg"
          },
          {
              "imagen_id": 103,
              "titulo": "Imagen 2",
              "url": "https://res.cloudinary.com/djgwbcthz/image/upload/imagen_18_2.jpg"
          },
          {
              "imagen_id": 104,
              "titulo": "Imagen 3",
              "url": "https://res.cloudinary.com/djgwbcthz/image/upload/imagen_18_3.jpg"
          }
      ]
  },
  {
      "instrumento_id": 19,
      "nombre": "Capodastro/capo Para Guitarra Económico A-corde",
      "categoria": {
          "categoria_id": 1,
          "nombre": "Cuerdas",
          "descripcion": "Descubre la magia de las cuerdas y crea melodías cautivadoras con nuestra selección de instrumentos de cuerda, perfectos para expresar emociones y añadir profundidad a tu música.",
          "imagen": "https://res.cloudinary.com/djgwbcthz/image/upload/Cuerdas.jpg"
      },
      "descripcion": "Marca: A-CORDE, Condición del ítem: Nuevo, Modelo: CP070 - CP050, Características del producto: Sin vencimiento, Embalaje del envío: Bolsa",
      "precioDia": 0.0,
      "imagen": [
          {
              "imagen_id": 105,
              "titulo": "Imagen 1",
              "url": "https://res.cloudinary.com/djgwbcthz/image/upload/imagen_19_1.jpg"
          },
          {
              "imagen_id": 106,
              "titulo": "Imagen 2",
              "url": "https://res.cloudinary.com/djgwbcthz/image/upload/imagen_19_2.jpg"
          }
      ]
  },
  {
      "instrumento_id": 20,
      "nombre": "Fl Studio 21",
      "categoria": {
          "categoria_id": 4,
          "nombre": "Percusión",
          "descripcion": "Haz latir el corazón de tu música con nuestros instrumentos de percusión. Desde ritmos enérgicos hasta texturas atmosféricas, añade profundidad y ritmo a tus composiciones.",
          "imagen": "https://res.cloudinary.com/djgwbcthz/image/upload/Percusion.jpg"
      },
      "descripcion": "Marca: FL Studio, Condición del ítem: Nuevo, Modelo: 21",
      "precioDia": 0.0,
      "imagen": [
          {
              "imagen_id": 107,
              "titulo": "Imagen 1",
              "url": "https://res.cloudinary.com/djgwbcthz/image/upload/imagen_20_1.jpg"
          },
          {
              "imagen_id": 108,
              "titulo": "Imagen 2",
              "url": "https://res.cloudinary.com/djgwbcthz/image/upload/imagen_20_2.jpg"
          }
      ]
  },
  {
      "instrumento_id": 21,
      "nombre": "Kalimba De 17 Teclas, Instrumento Musical Unico",
      "categoria": {
          "categoria_id": 3,
          "nombre": "Teclados",
          "descripcion": "Explora un mundo de posibilidades musicales con nuestros teclados. Desde pianos clásicos hasta sintetizadores modernos, desbloquea tu creatividad y encuentra tu voz única.",
          "imagen": "https://res.cloudinary.com/djgwbcthz/image/upload/Teclados.jpg"
      },
      "descripcion": "Marca: PROINSTRUMENT, Incluye estuche: Sí, Es acústico: Sí, Condición del ítem: Nuevo, Cantidad de teclas: 17",
      "precioDia": 0.0,
      "imagen": [
          {
              "imagen_id": 109,
              "titulo": "Imagen 1",
              "url": "https://res.cloudinary.com/djgwbcthz/image/upload/imagen_21_1.jpg"
          },
          {
              "imagen_id": 110,
              "titulo": "Imagen 2",
              "url": "https://res.cloudinary.com/djgwbcthz/image/upload/imagen_21_2.jpg"
          },
          {
              "imagen_id": 111,
              "titulo": "Imagen 3",
              "url": "https://res.cloudinary.com/djgwbcthz/image/upload/imagen_21_3.jpg"
          },
          {
              "imagen_id": 112,
              "titulo": "Imagen 4",
              "url": "https://res.cloudinary.com/djgwbcthz/image/upload/imagen_21_4.jpg"
          },
          {
              "imagen_id": 113,
              "titulo": "Imagen 5",
              "url": "https://res.cloudinary.com/djgwbcthz/image/upload/imagen_21_5.jpg"
          }
      ]
  },
  {
      "instrumento_id": 22,
      "nombre": "Armónica Jdr Profesional De 24 Huecos Dobles Negra.",
      "categoria": {
          "categoria_id": 2,
          "nombre": "Vientos",
          "descripcion": "Deja que el viento lleve tu música a nuevas alturas con nuestra gama de instrumentos de viento. Desde flautas delicadas hasta potentes trompetas, encuentra el sonido que te inspira.",
          "imagen": "https://res.cloudinary.com/djgwbcthz/image/upload/Vientos.jpg"
      },
      "descripcion": "Marca: JDR Musical Instruments, Tipo de armónica: Diatónica, Cantidad de agujeros: 24, Condición del ítem: Nuevo, Modelo: JDR-24",
      "precioDia": 0.0,
      "imagen": [
          {
              "imagen_id": 114,
              "titulo": "Imagen 1",
              "url": "https://res.cloudinary.com/djgwbcthz/image/upload/imagen_22_1.jpg"
          },
          {
              "imagen_id": 115,
              "titulo": "Imagen 2",
              "url": "https://res.cloudinary.com/djgwbcthz/image/upload/imagen_22_2.jpg"
          },
          {
              "imagen_id": 116,
              "titulo": "Imagen 3",
              "url": "https://res.cloudinary.com/djgwbcthz/image/upload/imagen_22_3.jpg"
          },
          {
              "imagen_id": 117,
              "titulo": "Imagen 4",
              "url": "https://res.cloudinary.com/djgwbcthz/image/upload/imagen_22_4.jpg"
          }
      ]
  },
  {
      "instrumento_id": 23,
      "nombre": "Guitarra Electroacustica Con Microfono Activo De 4 Bandas ",
      "categoria": {
          "categoria_id": 1,
          "nombre": "Cuerdas",
          "descripcion": "Descubre la magia de las cuerdas y crea melodías cautivadoras con nuestra selección de instrumentos de cuerda, perfectos para expresar emociones y añadir profundidad a tu música.",
          "imagen": "https://res.cloudinary.com/djgwbcthz/image/upload/Cuerdas.jpg"
      },
      "descripcion": "Acabado del cuerpo: Brillante o Mate, Forma del cuerpo: Classic, Material de la tapa: Cedro, Marca: Musicales Bucaramanga, Código universal de producto: 9452533888647",
      "precioDia": 0.0,
      "imagen": [
          {
              "imagen_id": 118,
              "titulo": "Imagen 1",
              "url": "https://res.cloudinary.com/djgwbcthz/image/upload/imagen_23_1.jpg"
          },
          {
              "imagen_id": 119,
              "titulo": "Imagen 2",
              "url": "https://res.cloudinary.com/djgwbcthz/image/upload/imagen_23_2.jpg"
          },
          {
              "imagen_id": 120,
              "titulo": "Imagen 3",
              "url": "https://res.cloudinary.com/djgwbcthz/image/upload/imagen_23_3.jpg"
          },
          {
              "imagen_id": 121,
              "titulo": "Imagen 4",
              "url": "https://res.cloudinary.com/djgwbcthz/image/upload/imagen_23_4.jpg"
          },
          {
              "imagen_id": 122,
              "titulo": "Imagen 5",
              "url": "https://res.cloudinary.com/djgwbcthz/image/upload/imagen_23_5.jpg"
          }
      ]
  },
  {
      "instrumento_id": 24,
      "nombre": "Bateria Accent Fuse 5pc Silver Lc19015dir",
      "categoria": {
          "categoria_id": 4,
          "nombre": "Percusión",
          "descripcion": "Haz latir el corazón de tu música con nuestros instrumentos de percusión. Desde ritmos enérgicos hasta texturas atmosféricas, añade profundidad y ritmo a tus composiciones.",
          "imagen": "https://res.cloudinary.com/djgwbcthz/image/upload/Percusion.jpg"
      },
      "descripcion": "Marca: Ortizo Instrumentos Musicales, Condición del ítem: Nuevo, Modelo: ACCENT FUSE 5PC, SKU: PB4022",
      "precioDia": 0.0,
      "imagen": [
          {
              "imagen_id": 123,
              "titulo": "Imagen 1",
              "url": "https://res.cloudinary.com/djgwbcthz/image/upload/imagen_24_1.jpg"
          }
      ]
  },
  {
      "instrumento_id": 25,
      "nombre": "Transmisor Receptor Inalámbrico Guitarra Lekato Recargable",
      "categoria": {
          "categoria_id": 1,
          "nombre": "Cuerdas",
          "descripcion": "Descubre la magia de las cuerdas y crea melodías cautivadoras con nuestra selección de instrumentos de cuerda, perfectos para expresar emociones y añadir profundidad a tu música.",
          "imagen": "https://res.cloudinary.com/djgwbcthz/image/upload/Cuerdas.jpg"
      },
      "descripcion": "Características de las baterías: De litio instaladas, Marca: Lekato, Código universal de producto: None, Condición del ítem: Nuevo, Modelo: WS-100",
      "precioDia": 0.0,
      "imagen": [
          {
              "imagen_id": 124,
              "titulo": "Imagen 1",
              "url": "https://res.cloudinary.com/djgwbcthz/image/upload/imagen_25_1.jpg"
          },
          {
              "imagen_id": 125,
              "titulo": "Imagen 2",
              "url": "https://res.cloudinary.com/djgwbcthz/image/upload/imagen_25_2.jpg"
          },
          {
              "imagen_id": 126,
              "titulo": "Imagen 3",
              "url": "https://res.cloudinary.com/djgwbcthz/image/upload/imagen_25_3.jpg"
          },
          {
              "imagen_id": 127,
              "titulo": "Imagen 4",
              "url": "https://res.cloudinary.com/djgwbcthz/image/upload/imagen_25_4.jpg"
          },
          {
              "imagen_id": 128,
              "titulo": "Imagen 5",
              "url": "https://res.cloudinary.com/djgwbcthz/image/upload/imagen_25_5.jpg"
          }
      ]
  },
  {
      "instrumento_id": 26,
      "nombre": "Capodastro Capo Para Guitarra Profesional Joyo Envio Gratis",
      "categoria": {
          "categoria_id": 1,
          "nombre": "Cuerdas",
          "descripcion": "Descubre la magia de las cuerdas y crea melodías cautivadoras con nuestra selección de instrumentos de cuerda, perfectos para expresar emociones y añadir profundidad a tu música.",
          "imagen": "https://res.cloudinary.com/djgwbcthz/image/upload/Cuerdas.jpg"
      },
      "descripcion": "Marca: Joyo, Condición del ítem: Nuevo, Modelo: JCP-01",
      "precioDia": 0.0,
      "imagen": [
          {
              "imagen_id": 129,
              "titulo": "Imagen 1",
              "url": "https://res.cloudinary.com/djgwbcthz/image/upload/imagen_26_1.jpg"
          },
          {
              "imagen_id": 130,
              "titulo": "Imagen 2",
              "url": "https://res.cloudinary.com/djgwbcthz/image/upload/imagen_26_2.jpg"
          },
          {
              "imagen_id": 131,
              "titulo": "Imagen 3",
              "url": "https://res.cloudinary.com/djgwbcthz/image/upload/imagen_26_3.jpg"
          },
          {
              "imagen_id": 132,
              "titulo": "Imagen 4",
              "url": "https://res.cloudinary.com/djgwbcthz/image/upload/imagen_26_4.jpg"
          },
          {
              "imagen_id": 133,
              "titulo": "Imagen 5",
              "url": "https://res.cloudinary.com/djgwbcthz/image/upload/imagen_26_5.jpg"
          }
      ]
  },
  {
      "instrumento_id": 27,
      "nombre": "Punta De Goma Para Violonchelo Caucho Protector Para Pivot ",
      "categoria": {
          "categoria_id": 1,
          "nombre": "Cuerdas",
          "descripcion": "Descubre la magia de las cuerdas y crea melodías cautivadoras con nuestra selección de instrumentos de cuerda, perfectos para expresar emociones y añadir profundidad a tu música.",
          "imagen": "https://res.cloudinary.com/djgwbcthz/image/upload/Cuerdas.jpg"
      },
      "descripcion": "Marca: A-M, Código universal de producto: 818262095449, Condición del ítem: Nuevo, Modelo: CJT-01",
      "precioDia": 0.0,
      "imagen": [
          {
              "imagen_id": 134,
              "titulo": "Imagen 1",
              "url": "https://res.cloudinary.com/djgwbcthz/image/upload/imagen_27_1.jpg"
          },
          {
              "imagen_id": 135,
              "titulo": "Imagen 2",
              "url": "https://res.cloudinary.com/djgwbcthz/image/upload/imagen_27_2.jpg"
          },
          {
              "imagen_id": 136,
              "titulo": "Imagen 3",
              "url": "https://res.cloudinary.com/djgwbcthz/image/upload/imagen_27_3.jpg"
          },
          {
              "imagen_id": 137,
              "titulo": "Imagen 4",
              "url": "https://res.cloudinary.com/djgwbcthz/image/upload/imagen_27_4.jpg"
          },
          {
              "imagen_id": 138,
              "titulo": "Imagen 5",
              "url": "https://res.cloudinary.com/djgwbcthz/image/upload/imagen_27_5.jpg"
          }
      ]
  },
  {
      "instrumento_id": 28,
      "nombre": "Cordel Correa Flex Elastica Bg France Clarinete Sib",
      "categoria": {
          "categoria_id": 2,
          "nombre": "Vientos",
          "descripcion": "Deja que el viento lleve tu música a nuevas alturas con nuestra gama de instrumentos de viento. Desde flautas delicadas hasta potentes trompetas, encuentra el sonido que te inspira.",
          "imagen": "https://res.cloudinary.com/djgwbcthz/image/upload/Vientos.jpg"
      },
      "descripcion": "Marca: BG France, Condición del ítem: Nuevo, Modelo: CFE",
      "precioDia": 0.0,
      "imagen": [
          {
              "imagen_id": 139,
              "titulo": "Imagen 1",
              "url": "https://res.cloudinary.com/djgwbcthz/image/upload/imagen_28_1.jpg"
          },
          {
              "imagen_id": 140,
              "titulo": "Imagen 2",
              "url": "https://res.cloudinary.com/djgwbcthz/image/upload/imagen_28_2.jpg"
          },
          {
              "imagen_id": 141,
              "titulo": "Imagen 3",
              "url": "https://res.cloudinary.com/djgwbcthz/image/upload/imagen_28_3.jpg"
          }
      ]
  },
  {
      "instrumento_id": 29,
      "nombre": "Instrumentos Musicales Para La Novena Navideña Tambor Juguet",
      "categoria": {
          "categoria_id": 4,
          "nombre": "Percusión",
          "descripcion": "Haz latir el corazón de tu música con nuestros instrumentos de percusión. Desde ritmos enérgicos hasta texturas atmosféricas, añade profundidad y ritmo a tus composiciones.",
          "imagen": "https://res.cloudinary.com/djgwbcthz/image/upload/Percusion.jpg"
      },
      "descripcion": "Marca: Mazugi, Diseño: VIENTO Y PERCUSION, Diámetro: 25 cm, Material del mango: Plástico, Código universal de producto: 069277652114",
      "precioDia": 0.0,
      "imagen": [
          {
              "imagen_id": 142,
              "titulo": "Imagen 1",
              "url": "https://res.cloudinary.com/djgwbcthz/image/upload/imagen_29_1.jpg"
          },
          {
              "imagen_id": 143,
              "titulo": "Imagen 2",
              "url": "https://res.cloudinary.com/djgwbcthz/image/upload/imagen_29_2.jpg"
          },
          {
              "imagen_id": 144,
              "titulo": "Imagen 3",
              "url": "https://res.cloudinary.com/djgwbcthz/image/upload/imagen_29_3.jpg"
          },
          {
              "imagen_id": 145,
              "titulo": "Imagen 4",
              "url": "https://res.cloudinary.com/djgwbcthz/image/upload/imagen_29_4.jpg"
          }
      ]
  },
  {
      "instrumento_id": 30,
      "nombre": "Limpiador De Instrumentos De Cuerda Guitarras Bajo Importado",
      "categoria": {
          "categoria_id": 1,
          "nombre": "Cuerdas",
          "descripcion": "Descubre la magia de las cuerdas y crea melodías cautivadoras con nuestra selección de instrumentos de cuerda, perfectos para expresar emociones y añadir profundidad a tu música.",
          "imagen": "https://res.cloudinary.com/djgwbcthz/image/upload/Cuerdas.jpg"
      },
      "descripcion": "Marca: A-M, Código universal de producto: 747216634765, Condición del ítem: Nuevo, Modelo: V-GA305",
      "precioDia": 0.0,
      "imagen": [
          {
              "imagen_id": 146,
              "titulo": "Imagen 1",
              "url": "https://res.cloudinary.com/djgwbcthz/image/upload/imagen_30_1.jpg"
          },
          {
              "imagen_id": 147,
              "titulo": "Imagen 2",
              "url": "https://res.cloudinary.com/djgwbcthz/image/upload/imagen_30_2.jpg"
          },
          {
              "imagen_id": 148,
              "titulo": "Imagen 3",
              "url": "https://res.cloudinary.com/djgwbcthz/image/upload/imagen_30_3.jpg"
          },
          {
              "imagen_id": 149,
              "titulo": "Imagen 4",
              "url": "https://res.cloudinary.com/djgwbcthz/image/upload/imagen_30_4.jpg"
          },
          {
              "imagen_id": 150,
              "titulo": "Imagen 5",
              "url": "https://res.cloudinary.com/djgwbcthz/image/upload/imagen_30_5.jpg"
          }
      ]
  },
  {
      "instrumento_id": 31,
      "nombre": "Guitarra Acustica 3/4 Ideal Para Niños De 7 ",
      "categoria": {
          "categoria_id": 1,
          "nombre": "Cuerdas",
          "descripcion": "Descubre la magia de las cuerdas y crea melodías cautivadoras con nuestra selección de instrumentos de cuerda, perfectos para expresar emociones y añadir profundidad a tu música.",
          "imagen": "https://res.cloudinary.com/djgwbcthz/image/upload/Cuerdas.jpg"
      },
      "descripcion": "Es electroacústica: No, Acabado del cuerpo: Laqueado, Forma del cuerpo: Con boquete, Material de la tapa: Cedro, Marca: Musicales Bucaramanga",
      "precioDia": 0.0,
      "imagen": [
          {
              "imagen_id": 151,
              "titulo": "Imagen 1",
              "url": "https://res.cloudinary.com/djgwbcthz/image/upload/imagen_31_1.jpg"
          },
          {
              "imagen_id": 152,
              "titulo": "Imagen 2",
              "url": "https://res.cloudinary.com/djgwbcthz/image/upload/imagen_31_2.jpg"
          },
          {
              "imagen_id": 153,
              "titulo": "Imagen 3",
              "url": "https://res.cloudinary.com/djgwbcthz/image/upload/imagen_31_3.jpg"
          },
          {
              "imagen_id": 154,
              "titulo": "Imagen 4",
              "url": "https://res.cloudinary.com/djgwbcthz/image/upload/imagen_31_4.jpg"
          },
          {
              "imagen_id": 155,
              "titulo": "Imagen 5",
              "url": "https://res.cloudinary.com/djgwbcthz/image/upload/imagen_31_5.jpg"
          }
      ]
  },
  {
      "instrumento_id": 32,
      "nombre": "Guacharaca Guiro Metalico Instrumento Musical Importado",
      "categoria": {
          "categoria_id": 4,
          "nombre": "Percusión",
          "descripcion": "Haz latir el corazón de tu música con nuestros instrumentos de percusión. Desde ritmos enérgicos hasta texturas atmosféricas, añade profundidad y ritmo a tus composiciones.",
          "imagen": "https://res.cloudinary.com/djgwbcthz/image/upload/Percusion.jpg"
      },
      "descripcion": "Marca: A-M, Incluye raspador: Sí, Condición del ítem: Nuevo, Material: Acero, Modelo: METALIC",
      "precioDia": 0.0,
      "imagen": [
          {
              "imagen_id": 156,
              "titulo": "Imagen 1",
              "url": "https://res.cloudinary.com/djgwbcthz/image/upload/imagen_32_1.jpg"
          },
          {
              "imagen_id": 157,
              "titulo": "Imagen 2",
              "url": "https://res.cloudinary.com/djgwbcthz/image/upload/imagen_32_2.jpg"
          },
          {
              "imagen_id": 158,
              "titulo": "Imagen 3",
              "url": "https://res.cloudinary.com/djgwbcthz/image/upload/imagen_32_3.jpg"
          },
          {
              "imagen_id": 159,
              "titulo": "Imagen 4",
              "url": "https://res.cloudinary.com/djgwbcthz/image/upload/imagen_32_4.jpg"
          }
      ]
  },
  {
      "instrumento_id": 33,
      "nombre": "Ukelele Femmto Soprano En Tilo Con Funda Y Cuerdas Extras",
      "categoria": {
          "categoria_id": 1,
          "nombre": "Cuerdas",
          "descripcion": "Descubre la magia de las cuerdas y crea melodías cautivadoras con nuestra selección de instrumentos de cuerda, perfectos para expresar emociones y añadir profundidad a tu música.",
          "imagen": "https://res.cloudinary.com/djgwbcthz/image/upload/Cuerdas.jpg"
      },
      "descripcion": "Material: Tilo, Accesorios incluidos: Púas,Correa, Marca: Femmto, Acabado: Brillante, Largo del diapasón: 35 cm",
      "precioDia": 0.0,
      "imagen": [
          {
              "imagen_id": 160,
              "titulo": "Imagen 1",
              "url": "https://res.cloudinary.com/djgwbcthz/image/upload/imagen_33_1.jpg"
          },
          {
              "imagen_id": 161,
              "titulo": "Imagen 2",
              "url": "https://res.cloudinary.com/djgwbcthz/image/upload/imagen_33_2.jpg"
          },
          {
              "imagen_id": 162,
              "titulo": "Imagen 3",
              "url": "https://res.cloudinary.com/djgwbcthz/image/upload/imagen_33_3.jpg"
          },
          {
              "imagen_id": 163,
              "titulo": "Imagen 4",
              "url": "https://res.cloudinary.com/djgwbcthz/image/upload/imagen_33_4.jpg"
          },
          {
              "imagen_id": 164,
              "titulo": "Imagen 5",
              "url": "https://res.cloudinary.com/djgwbcthz/image/upload/imagen_33_5.jpg"
          }
      ]
  },
  {
      "instrumento_id": 34,
      "nombre": "Pin De Correa Para Guitarra Acústica O Eléctrica ",
      "categoria": {
          "categoria_id": 1,
          "nombre": "Cuerdas",
          "descripcion": "Descubre la magia de las cuerdas y crea melodías cautivadoras con nuestra selección de instrumentos de cuerda, perfectos para expresar emociones y añadir profundidad a tu música.",
          "imagen": "https://res.cloudinary.com/djgwbcthz/image/upload/Cuerdas.jpg"
      },
      "descripcion": "Marca: A-M, Condición del ítem: Nuevo, Modelo: PWM",
      "precioDia": 0.0,
      "imagen": [
          {
              "imagen_id": 165,
              "titulo": "Imagen 1",
              "url": "https://res.cloudinary.com/djgwbcthz/image/upload/imagen_34_1.jpg"
          },
          {
              "imagen_id": 166,
              "titulo": "Imagen 2",
              "url": "https://res.cloudinary.com/djgwbcthz/image/upload/imagen_34_2.jpg"
          },
          {
              "imagen_id": 167,
              "titulo": "Imagen 3",
              "url": "https://res.cloudinary.com/djgwbcthz/image/upload/imagen_34_3.jpg"
          },
          {
              "imagen_id": 168,
              "titulo": "Imagen 4",
              "url": "https://res.cloudinary.com/djgwbcthz/image/upload/imagen_34_4.jpg"
          }
      ]
  },
  {
      "instrumento_id": 35,
      "nombre": "Kalimba Instrumento Musical 17 Teclas Madera Caoba Con Funda",
      "categoria": {
          "categoria_id": 3,
          "nombre": "Teclados",
          "descripcion": "Explora un mundo de posibilidades musicales con nuestros teclados. Desde pianos clásicos hasta sintetizadores modernos, desbloquea tu creatividad y encuentra tu voz única.",
          "imagen": "https://res.cloudinary.com/djgwbcthz/image/upload/Teclados.jpg"
      },
      "descripcion": "Marca: Miwayer, Incluye estuche: Sí, Es acústico: Sí, Condición del ítem: Nuevo, Cantidad de teclas: 17",
      "precioDia": 0.0,
      "imagen": [
          {
              "imagen_id": 169,
              "titulo": "Imagen 1",
              "url": "https://res.cloudinary.com/djgwbcthz/image/upload/imagen_35_1.jpg"
          },
          {
              "imagen_id": 170,
              "titulo": "Imagen 2",
              "url": "https://res.cloudinary.com/djgwbcthz/image/upload/imagen_35_2.jpg"
          },
          {
              "imagen_id": 171,
              "titulo": "Imagen 3",
              "url": "https://res.cloudinary.com/djgwbcthz/image/upload/imagen_35_3.jpg"
          },
          {
              "imagen_id": 172,
              "titulo": "Imagen 4",
              "url": "https://res.cloudinary.com/djgwbcthz/image/upload/imagen_35_4.jpg"
          },
          {
              "imagen_id": 173,
              "titulo": "Imagen 5",
              "url": "https://res.cloudinary.com/djgwbcthz/image/upload/imagen_35_5.jpg"
          }
      ]
  },
  {
      "instrumento_id": 36,
      "nombre": "Protector De Dedos Para Guitarra Bajo Ukelele Arpa Talla L",
      "categoria": {
          "categoria_id": 1,
          "nombre": "Cuerdas",
          "descripcion": "Descubre la magia de las cuerdas y crea melodías cautivadoras con nuestra selección de instrumentos de cuerda, perfectos para expresar emociones y añadir profundidad a tu música.",
          "imagen": "https://res.cloudinary.com/djgwbcthz/image/upload/Cuerdas.jpg"
      },
      "descripcion": "Marca: Accesorios para guitarra, Condición del ítem: Nuevo, SKU: 2000",
      "precioDia": 0.0,
      "imagen": [
          {
              "imagen_id": 174,
              "titulo": "Imagen 1",
              "url": "https://res.cloudinary.com/djgwbcthz/image/upload/imagen_36_1.jpg"
          },
          {
              "imagen_id": 175,
              "titulo": "Imagen 2",
              "url": "https://res.cloudinary.com/djgwbcthz/image/upload/imagen_36_2.jpg"
          },
          {
              "imagen_id": 176,
              "titulo": "Imagen 3",
              "url": "https://res.cloudinary.com/djgwbcthz/image/upload/imagen_36_3.jpg"
          },
          {
              "imagen_id": 177,
              "titulo": "Imagen 4",
              "url": "https://res.cloudinary.com/djgwbcthz/image/upload/imagen_36_4.jpg"
          },
          {
              "imagen_id": 178,
              "titulo": "Imagen 5",
              "url": "https://res.cloudinary.com/djgwbcthz/image/upload/imagen_36_5.jpg"
          }
      ]
  },
  {
      "instrumento_id": 37,
      "nombre": "Limpiador Para Guitarra Bajo Dunlop Formula 654",
      "categoria": {
          "categoria_id": 1,
          "nombre": "Cuerdas",
          "descripcion": "Descubre la magia de las cuerdas y crea melodías cautivadoras con nuestra selección de instrumentos de cuerda, perfectos para expresar emociones y añadir profundidad a tu música.",
          "imagen": "https://res.cloudinary.com/djgwbcthz/image/upload/Cuerdas.jpg"
      },
      "descripcion": "Marca: Dunlop, Condición del ítem: Nuevo, Modelo: Formula 65",
      "precioDia": 0.0,
      "imagen": [
          {
              "imagen_id": 179,
              "titulo": "Imagen 1",
              "url": "https://res.cloudinary.com/djgwbcthz/image/upload/imagen_37_1.jpg"
          }
      ]
  },
  {
      "instrumento_id": 38,
      "nombre": "Atril Base Para Redoblante De Bateria Robusta S2f Tempo",
      "categoria": {
          "categoria_id": 1,
          "nombre": "Cuerdas",
          "descripcion": "Descubre la magia de las cuerdas y crea melodías cautivadoras con nuestra selección de instrumentos de cuerda, perfectos para expresar emociones y añadir profundidad a tu música.",
          "imagen": "https://res.cloudinary.com/djgwbcthz/image/upload/Cuerdas.jpg"
      },
      "descripcion": "Marca: Tempo, Condición del ítem: Nuevo, Modelo: S2F",
      "precioDia": 0.0,
      "imagen": [
          {
              "imagen_id": 180,
              "titulo": "Imagen 1",
              "url": "https://res.cloudinary.com/djgwbcthz/image/upload/imagen_38_1.jpg"
          }
      ]
  },
  {
      "instrumento_id": 39,
      "nombre": "Guitarra Acústica Forro Correa Instalada Pics Antiragueo ",
      "categoria": {
          "categoria_id": 1,
          "nombre": "Cuerdas",
          "descripcion": "Descubre la magia de las cuerdas y crea melodías cautivadoras con nuestra selección de instrumentos de cuerda, perfectos para expresar emociones y añadir profundidad a tu música.",
          "imagen": "https://res.cloudinary.com/djgwbcthz/image/upload/Cuerdas.jpg"
      },
      "descripcion": "Es electroacústica: No, Disponibilidad de stock: 1 días, Acabado del cuerpo: Laqueado, Forma del cuerpo: Standard 4/4, Material de la tapa: Cedro",
      "precioDia": 0.0,
      "imagen": [
          {
              "imagen_id": 181,
              "titulo": "Imagen 1",
              "url": "https://res.cloudinary.com/djgwbcthz/image/upload/imagen_39_1.jpg"
          },
          {
              "imagen_id": 182,
              "titulo": "Imagen 2",
              "url": "https://res.cloudinary.com/djgwbcthz/image/upload/imagen_39_2.jpg"
          },
          {
              "imagen_id": 183,
              "titulo": "Imagen 3",
              "url": "https://res.cloudinary.com/djgwbcthz/image/upload/imagen_39_3.jpg"
          },
          {
              "imagen_id": 184,
              "titulo": "Imagen 4",
              "url": "https://res.cloudinary.com/djgwbcthz/image/upload/imagen_39_4.jpg"
          },
          {
              "imagen_id": 185,
              "titulo": "Imagen 5",
              "url": "https://res.cloudinary.com/djgwbcthz/image/upload/imagen_39_5.jpg"
          }
      ]
  },
  {
      "instrumento_id": 40,
      "nombre": "Colofonia Resina Rosin Pez Calidad Arco Violin Viola Chelo ",
      "categoria": {
          "categoria_id": 1,
          "nombre": "Cuerdas",
          "descripcion": "Descubre la magia de las cuerdas y crea melodías cautivadoras con nuestra selección de instrumentos de cuerda, perfectos para expresar emociones y añadir profundidad a tu música.",
          "imagen": "https://res.cloudinary.com/djgwbcthz/image/upload/Cuerdas.jpg"
      },
      "descripcion": "Marca: Snowpine, Condición del ítem: Nuevo, Modelo: ROSIN",
      "precioDia": 0.0,
      "imagen": [
          {
              "imagen_id": 186,
              "titulo": "Imagen 1",
              "url": "https://res.cloudinary.com/djgwbcthz/image/upload/imagen_40_1.jpg"
          },
          {
              "imagen_id": 187,
              "titulo": "Imagen 2",
              "url": "https://res.cloudinary.com/djgwbcthz/image/upload/imagen_40_2.jpg"
          },
          {
              "imagen_id": 188,
              "titulo": "Imagen 3",
              "url": "https://res.cloudinary.com/djgwbcthz/image/upload/imagen_40_3.jpg"
          },
          {
              "imagen_id": 189,
              "titulo": "Imagen 4",
              "url": "https://res.cloudinary.com/djgwbcthz/image/upload/imagen_40_4.jpg"
          }
      ]
  },
  {
      "instrumento_id": 41,
      "nombre": "Correa Charol Redoblante,tambora,caja,ganadera Banda Marcial",
      "categoria": {
          "categoria_id": 4,
          "nombre": "Percusión",
          "descripcion": "Haz latir el corazón de tu música con nuestros instrumentos de percusión. Desde ritmos enérgicos hasta texturas atmosféricas, añade profundidad y ritmo a tus composiciones.",
          "imagen": "https://res.cloudinary.com/djgwbcthz/image/upload/Percusion.jpg"
      },
      "descripcion": "Marca: J&B, Condición del ítem: Nuevo, Modelo: ESPECIAL PARA BANDA",
      "precioDia": 0.0,
      "imagen": [
          {
              "imagen_id": 190,
              "titulo": "Imagen 1",
              "url": "https://res.cloudinary.com/djgwbcthz/image/upload/imagen_41_1.jpg"
          },
          {
              "imagen_id": 191,
              "titulo": "Imagen 2",
              "url": "https://res.cloudinary.com/djgwbcthz/image/upload/imagen_41_2.jpg"
          },
          {
              "imagen_id": 192,
              "titulo": "Imagen 3",
              "url": "https://res.cloudinary.com/djgwbcthz/image/upload/imagen_41_3.jpg"
          }
      ]
  },
  {
      "instrumento_id": 42,
      "nombre": "Armónica 24 Holes Instrumento Musical Dulzaina Niños Adultos",
      "categoria": {
          "categoria_id": 2,
          "nombre": "Vientos",
          "descripcion": "Deja que el viento lleve tu música a nuevas alturas con nuestra gama de instrumentos de viento. Desde flautas delicadas hasta potentes trompetas, encuentra el sonido que te inspira.",
          "imagen": "https://res.cloudinary.com/djgwbcthz/image/upload/Vientos.jpg"
      },
      "descripcion": "Marca: Bee Harmonica, Código universal de producto: 6927793652114, Tipo de armónica: Cromática, Cantidad de agujeros: 24, Condición del ítem: Nuevo",
      "precioDia": 0.0,
      "imagen": [
          {
              "imagen_id": 193,
              "titulo": "Imagen 1",
              "url": "https://res.cloudinary.com/djgwbcthz/image/upload/imagen_42_1.jpg"
          },
          {
              "imagen_id": 194,
              "titulo": "Imagen 2",
              "url": "https://res.cloudinary.com/djgwbcthz/image/upload/imagen_42_2.jpg"
          },
          {
              "imagen_id": 195,
              "titulo": "Imagen 3",
              "url": "https://res.cloudinary.com/djgwbcthz/image/upload/imagen_42_3.jpg"
          }
      ]
  },
  {
      "instrumento_id": 43,
      "nombre": "Guitarra Electroacústica Personalizada Con Nombre Y Forro",
      "categoria": {
          "categoria_id": 1,
          "nombre": "Cuerdas",
          "descripcion": "Descubre la magia de las cuerdas y crea melodías cautivadoras con nuestra selección de instrumentos de cuerda, perfectos para expresar emociones y añadir profundidad a tu música.",
          "imagen": "https://res.cloudinary.com/djgwbcthz/image/upload/Cuerdas.jpg"
      },
      "descripcion": "Marca: Musicales Bucaramanga, Código universal de producto: 0951024427703, Condición del ítem: Nuevo, Modelo: Linea de Estudio Electroacústica",
      "precioDia": 0.0,
      "imagen": [
          {
              "imagen_id": 196,
              "titulo": "Imagen 1",
              "url": "https://res.cloudinary.com/djgwbcthz/image/upload/imagen_43_1.jpg"
          },
          {
              "imagen_id": 197,
              "titulo": "Imagen 2",
              "url": "https://res.cloudinary.com/djgwbcthz/image/upload/imagen_43_2.jpg"
          },
          {
              "imagen_id": 198,
              "titulo": "Imagen 3",
              "url": "https://res.cloudinary.com/djgwbcthz/image/upload/imagen_43_3.jpg"
          },
          {
              "imagen_id": 199,
              "titulo": "Imagen 4",
              "url": "https://res.cloudinary.com/djgwbcthz/image/upload/imagen_43_4.jpg"
          },
          {
              "imagen_id": 200,
              "titulo": "Imagen 5",
              "url": "https://res.cloudinary.com/djgwbcthz/image/upload/imagen_43_5.jpg"
          }
      ]
  },
  {
      "instrumento_id": 44,
      "nombre": "Correa Charol Lira Banda Marcial",
      "categoria": {
          "categoria_id": 1,
          "nombre": "Cuerdas",
          "descripcion": "Descubre la magia de las cuerdas y crea melodías cautivadoras con nuestra selección de instrumentos de cuerda, perfectos para expresar emociones y añadir profundidad a tu música.",
          "imagen": "https://res.cloudinary.com/djgwbcthz/image/upload/Cuerdas.jpg"
      },
      "descripcion": "Marca: J&B, Condición del ítem: Nuevo, Modelo: ESPECIAL PARA BANDA",
      "precioDia": 0.0,
      "imagen": [
          {
              "imagen_id": 201,
              "titulo": "Imagen 1",
              "url": "https://res.cloudinary.com/djgwbcthz/image/upload/imagen_44_1.jpg"
          },
          {
              "imagen_id": 202,
              "titulo": "Imagen 2",
              "url": "https://res.cloudinary.com/djgwbcthz/image/upload/imagen_44_2.jpg"
          },
          {
              "imagen_id": 203,
              "titulo": "Imagen 3",
              "url": "https://res.cloudinary.com/djgwbcthz/image/upload/imagen_44_3.jpg"
          },
          {
              "imagen_id": 204,
              "titulo": "Imagen 4",
              "url": "https://res.cloudinary.com/djgwbcthz/image/upload/imagen_44_4.jpg"
          }
      ]
  },
  {
      "instrumento_id": 45,
      "nombre": "Transmisor Receptor Guitarra Bajo Sistema Inalámbrico Recarg",
      "categoria": {
          "categoria_id": 1,
          "nombre": "Cuerdas",
          "descripcion": "Descubre la magia de las cuerdas y crea melodías cautivadoras con nuestra selección de instrumentos de cuerda, perfectos para expresar emociones y añadir profundidad a tu música.",
          "imagen": "https://res.cloudinary.com/djgwbcthz/image/upload/Cuerdas.jpg"
      },
      "descripcion": "Marca: Summina, Código universal de producto: None, Condición del ítem: Nuevo, Modelo: Recargable, Altura del paquete: 5 cm",
      "precioDia": 0.0,
      "imagen": [
          {
              "imagen_id": 205,
              "titulo": "Imagen 1",
              "url": "https://res.cloudinary.com/djgwbcthz/image/upload/imagen_45_1.jpg"
          },
          {
              "imagen_id": 206,
              "titulo": "Imagen 2",
              "url": "https://res.cloudinary.com/djgwbcthz/image/upload/imagen_45_2.jpg"
          },
          {
              "imagen_id": 207,
              "titulo": "Imagen 3",
              "url": "https://res.cloudinary.com/djgwbcthz/image/upload/imagen_45_3.jpg"
          },
          {
              "imagen_id": 208,
              "titulo": "Imagen 4",
              "url": "https://res.cloudinary.com/djgwbcthz/image/upload/imagen_45_4.jpg"
          },
          {
              "imagen_id": 209,
              "titulo": "Imagen 5",
              "url": "https://res.cloudinary.com/djgwbcthz/image/upload/imagen_45_5.jpg"
          }
      ]
  },
  {
      "instrumento_id": 46,
      "nombre": "Ejercicio De Mano Varigrip D´addario - Pw-vg01",
      "categoria": {
          "categoria_id": 1,
          "nombre": "Cuerdas",
          "descripcion": "Descubre la magia de las cuerdas y crea melodías cautivadoras con nuestra selección de instrumentos de cuerda, perfectos para expresar emociones y añadir profundidad a tu música.",
          "imagen": "https://res.cloudinary.com/djgwbcthz/image/upload/Cuerdas.jpg"
      },
      "descripcion": "Marca: D'Addario, Código universal de producto: 019954957773, Condición del ítem: Nuevo, Modelo: PW-VG01, SKU: PW-VG 01",
      "precioDia": 0.0,
      "imagen": [
          {
              "imagen_id": 210,
              "titulo": "Imagen 1",
              "url": "https://res.cloudinary.com/djgwbcthz/image/upload/imagen_46_1.jpg"
          },
          {
              "imagen_id": 211,
              "titulo": "Imagen 2",
              "url": "https://res.cloudinary.com/djgwbcthz/image/upload/imagen_46_2.jpg"
          },
          {
              "imagen_id": 212,
              "titulo": "Imagen 3",
              "url": "https://res.cloudinary.com/djgwbcthz/image/upload/imagen_46_3.jpg"
          },
          {
              "imagen_id": 213,
              "titulo": "Imagen 4",
              "url": "https://res.cloudinary.com/djgwbcthz/image/upload/imagen_46_4.jpg"
          }
      ]
  },
  {
      "instrumento_id": 47,
      "nombre": "Clutch Para Platillos Hi Hats Tartaruga Modelo C",
      "categoria": {
          "categoria_id": 4,
          "nombre": "Percusión",
          "descripcion": "Haz latir el corazón de tu música con nuestros instrumentos de percusión. Desde ritmos enérgicos hasta texturas atmosféricas, añade profundidad y ritmo a tus composiciones.",
          "imagen": "https://res.cloudinary.com/djgwbcthz/image/upload/Percusion.jpg"
      },
      "descripcion": "Marca: Tartaruga, Condición del ítem: Nuevo, Modelo: Modelo C, SKU: 50000157",
      "precioDia": 0.0,
      "imagen": [
          {
              "imagen_id": 214,
              "titulo": "Imagen 1",
              "url": "https://res.cloudinary.com/djgwbcthz/image/upload/imagen_47_1.jpg"
          },
          {
              "imagen_id": 215,
              "titulo": "Imagen 2",
              "url": "https://res.cloudinary.com/djgwbcthz/image/upload/imagen_47_2.jpg"
          },
          {
              "imagen_id": 216,
              "titulo": "Imagen 3",
              "url": "https://res.cloudinary.com/djgwbcthz/image/upload/imagen_47_3.jpg"
          }
      ]
  },
  {
      "instrumento_id": 48,
      "nombre": "Transmisor Y Receptor Guitarra Bajo Sistema Inalambrico 30mt",
      "categoria": {
          "categoria_id": 1,
          "nombre": "Cuerdas",
          "descripcion": "Descubre la magia de las cuerdas y crea melodías cautivadoras con nuestra selección de instrumentos de cuerda, perfectos para expresar emociones y añadir profundidad a tu música.",
          "imagen": "https://res.cloudinary.com/djgwbcthz/image/upload/Cuerdas.jpg"
      },
      "descripcion": "Características de las baterías: De litio instaladas, Marca: Aklot, Condición del ítem: Nuevo, Modelo: ATX-01, Características del producto: Sin vencimiento",
      "precioDia": 0.0,
      "imagen": [
          {
              "imagen_id": 217,
              "titulo": "Imagen 1",
              "url": "https://res.cloudinary.com/djgwbcthz/image/upload/imagen_48_1.jpg"
          },
          {
              "imagen_id": 218,
              "titulo": "Imagen 2",
              "url": "https://res.cloudinary.com/djgwbcthz/image/upload/imagen_48_2.jpg"
          },
          {
              "imagen_id": 219,
              "titulo": "Imagen 3",
              "url": "https://res.cloudinary.com/djgwbcthz/image/upload/imagen_48_3.jpg"
          },
          {
              "imagen_id": 220,
              "titulo": "Imagen 4",
              "url": "https://res.cloudinary.com/djgwbcthz/image/upload/imagen_48_4.jpg"
          },
          {
              "imagen_id": 221,
              "titulo": "Imagen 5",
              "url": "https://res.cloudinary.com/djgwbcthz/image/upload/imagen_48_5.jpg"
          }
      ]
  },
  {
      "instrumento_id": 49,
      "nombre": "Protector De Dedos Para Guitarra Bajo Ukelele Arpa Talla M",
      "categoria": {
          "categoria_id": 1,
          "nombre": "Cuerdas",
          "descripcion": "Descubre la magia de las cuerdas y crea melodías cautivadoras con nuestra selección de instrumentos de cuerda, perfectos para expresar emociones y añadir profundidad a tu música.",
          "imagen": "https://res.cloudinary.com/djgwbcthz/image/upload/Cuerdas.jpg"
      },
      "descripcion": "Marca: Accesorios para guitarra, Condición del ítem: Nuevo, SKU: 1999",
      "precioDia": 0.0,
      "imagen": [
          {
              "imagen_id": 222,
              "titulo": "Imagen 1",
              "url": "https://res.cloudinary.com/djgwbcthz/image/upload/imagen_49_1.jpg"
          },
          {
              "imagen_id": 223,
              "titulo": "Imagen 2",
              "url": "https://res.cloudinary.com/djgwbcthz/image/upload/imagen_49_2.jpg"
          },
          {
              "imagen_id": 224,
              "titulo": "Imagen 3",
              "url": "https://res.cloudinary.com/djgwbcthz/image/upload/imagen_49_3.jpg"
          },
          {
              "imagen_id": 225,
              "titulo": "Imagen 4",
              "url": "https://res.cloudinary.com/djgwbcthz/image/upload/imagen_49_4.jpg"
          },
          {
              "imagen_id": 226,
              "titulo": "Imagen 5",
              "url": "https://res.cloudinary.com/djgwbcthz/image/upload/imagen_49_5.jpg"
          }
      ]
  },
  {
      "instrumento_id": 50,
      "nombre": "Diapason 512 Hz",
      "categoria": {
          "categoria_id": 1,
          "nombre": "Cuerdas",
          "descripcion": "Descubre la magia de las cuerdas y crea melodías cautivadoras con nuestra selección de instrumentos de cuerda, perfectos para expresar emociones y añadir profundidad a tu música.",
          "imagen": "https://res.cloudinary.com/djgwbcthz/image/upload/Cuerdas.jpg"
      },
      "descripcion": "Marca: LA ERA AZUL, Condición del ítem: Nuevo, Modelo: TFS-512N, SKU: TFS-512N",
      "precioDia": 0.0,
      "imagen": [
          {
              "imagen_id": 227,
              "titulo": "Imagen 1",
              "url": "https://res.cloudinary.com/djgwbcthz/image/upload/imagen_50_1.jpg"
          }
      ]
  }
]